Workbook

Sheet Sheet1
A1: =_xll.Thomson.Reuters.AFOSpreadSheetFormulas.DSGRID("USEURSP,EUDOLLR"," ","1990-12-01","","D","RowHeader=true;ColHeader=true;Heading=true;Code=true;Curn=true;SeriesMetaDataLink=true;DispSeriesDescription=false;YearlyTSFormat=false;QuarterlyTSFormat=false;AutoRefresh=false","") -> Start | B1: 33207
A2: End | B2: 45979
A3: Frequency | B3: D
A4: Name | B4: US $ TO EURO (WMR) - EXCHANGE RATE | C4: EURO TO US $ (RFV) - EXCHANGE RATE
A5: Code | B5: USEURSP | C5: EUDOLLR
A6: CURRENCY | B6: E | C6: U$
A7: 33207 | B7: 1.45336 | C7: 0.68806
A8: 33210 | B8: 1.44095 | C8: 0.69399
A9: 33211 | B9: 1.44957 | C9: 0.68986
A10: 33212 | B10: 1.44979 | C10: 0.68975
A11: 33213 | B11: 1.45991 | C11: 0.68498
A12: 33214 | B12: 1.47036 | C12: 0.68011
A13: 33217 | B13: 1.47542 | C13: 0.67777
A14: 33218 | B14: 1.4696 | C14: 0.68046
A15: 33219 | B15: 1.47058 | C15: 0.68
A16: 33220 | B16: 1.469 | C16: 0.68073
A17: 33221 | B17: 1.46396 | C17: 0.68308
A18: 33224 | B18: 1.46037 | C18: 0.68476
... A9129: 45979 | B9129: 1.1582 | C9129: 0.86341

Sheet DATA
A1: Date | B1: =Sheet1!B5 -> USEURSP | C1: =Sheet1!C5 -> EUDOLLR
A2: =Sheet1!A7 -> 33207 | B2: =Sheet1!B7 -> 1.45336 | C2: =Sheet1!C7 -> 0.68806
A3: =Sheet1!A8 -> 33210 | B3: =Sheet1!B8 -> 1.44095 | C3: =Sheet1!C8 -> 0.69399
A4: =Sheet1!A9 -> 33211 | B4: =Sheet1!B9 -> 1.44957 | C4: =Sheet1!C9 -> 0.68986
A5: =Sheet1!A10 -> 33212 | B5: =Sheet1!B10 -> 1.44979 | C5: =Sheet1!C10 -> 0.68975
A6: =Sheet1!A11 -> 33213 | B6: =Sheet1!B11 -> 1.45991 | C6: =Sheet1!C11 -> 0.68498
A7: =Sheet1!A12 -> 33214 | B7: =Sheet1!B12 -> 1.47036 | C7: =Sheet1!C12 -> 0.68011
A8: =Sheet1!A13 -> 33217 | B8: =Sheet1!B13 -> 1.47542 | C8: =Sheet1!C13 -> 0.67777
A9: =Sheet1!A14 -> 33218 | B9: =Sheet1!B14 -> 1.4696 | C9: =Sheet1!C14 -> 0.68046
A10: =Sheet1!A15 -> 33219 | B10: =Sheet1!B15 -> 1.47058 | C10: =Sheet1!C15 -> 0.68
A11: =Sheet1!A16 -> 33220 | B11: =Sheet1!B16 -> 1.469 | C11: =Sheet1!C16 -> 0.68073
A12: =Sheet1!A17 -> 33221 | B12: =Sheet1!B17 -> 1.46396 | C12: =Sheet1!C17 -> 0.68308
A13: =Sheet1!A18 -> 33224 | B13: =Sheet1!B18 -> 1.46037 | C13: =Sheet1!C18 -> 0.68476
... A9124: =Sheet1!A9129 -> 45979 | B9124: =Sheet1!B9129 -> 1.1582 | C9124: =Sheet1!C9129 -> 0.86341
