Workbook

Sheet Sheet1
A1: =_xll.Thomson.Reuters.AFOSpreadSheetFormulas.DSGRID("MGLEURE,MGSEURE,MVLEURE,MVSEURE","PI;RI","2010-01-01","","D","RowHeader=true;ColHeader=true;Heading=true;Code=true;Curn=true;SeriesMetaDataLink=true;DispSeriesDescription=false;YearlyTSFormat=false;QuarterlyTSFormat=false;AutoRefresh=false","") -> Start | B1: 40179
A2: End | B2: 45979
A3: Frequency | B3: D
A4: Name | B4: MSCI EUROPE :L :G E - PRICE INDEX | C4: MSCI EUROPE :L :G E - TOT RETURN IND | D4: MSCI EUROPE :S :G E - PRICE INDEX | E4: MSCI EUROPE :S :G E - TOT RETURN IND | F4: MSCI EUROPE :L :V E - PRICE INDEX | G4: MSCI EUROPE :L :V E - TOT RETURN IND | H4: MSCI EUROPE :S :V E - PRICE INDEX | I4: MSCI EUROPE :S :V E - TOT RETURN IND
A5: Code | B5: MGLEURE(PI) | C5: MGLEURE(RI) | D5: MGSEURE(PI) | E5: MGSEURE(RI) | F5: MVLEURE(PI) | G5: MVLEURE(RI) | H5: MVSEURE(PI) | I5: MVSEURE(RI)
A6: CURRENCY | B6: E | C6: E | D6: E | E6: E | F6: E | G6: E | H6: E | I6: E
A7: 40179 | B7: 738.657 | C7: 793.24 | D7: 607.082 | E7: 638.974 | F7: 580.681 | G7: 652.841 | H7: 591.942 | I7: 645.19
A8: 40182 | B8: 748.114 | C8: 803.396 | D8: 620.286 | E8: 652.871 | F8: 589.986 | G8: 663.302 | H8: 603.257 | I8: 657.523
A9: 40183 | B9: 743.331 | C9: 798.26 | D9: 624.829 | E9: 657.652 | F9: 592.192 | G9: 665.782 | H9: 606.728 | I9: 661.307
A10: 40184 | B10: 744.234 | C10: 799.23 | D10: 628.621 | E10: 661.712 | F10: 592.536 | G10: 666.169 | H10: 609.715 | I10: 664.659
A11: 40185 | B11: 744.356 | C11: 799.361 | D11: 632.598 | E11: 665.898 | F11: 591.861 | G11: 665.411 | H11: 612.638 | I11: 667.845
A12: 40186 | B12: 748.208 | C12: 803.497 | D12: 636.268 | E12: 669.762 | F12: 593.743 | G12: 667.551 | H12: 616.581 | I12: 672.144
A13: 40189 | B13: 746.36 | C13: 801.513 | D13: 636.384 | E13: 669.884 | F13: 593.705 | G13: 667.508 | H13: 617.661 | I13: 673.322
A14: 40190 | B14: 739.979 | C14: 794.713 | D14: 628.207 | E14: 661.317 | F14: 588.309 | G14: 661.442 | H14: 610.486 | I14: 665.5
A15: 40191 | B15: 742.868 | C15: 797.816 | D15: 630.302 | E15: 663.529 | F15: 587.904 | G15: 660.986 | H15: 613.537 | I15: 668.866
A16: 40192 | B16: 750.214 | C16: 805.705 | D16: 635.379 | E16: 668.874 | F16: 590.717 | G16: 664.149 | H16: 617.84 | I16: 673.653
A17: 40193 | B17: 744.512 | C17: 799.581 | D17: 634.345 | E17: 667.786 | F17: 583.481 | G17: 656.013 | H17: 617.941 | I17: 673.763
A18: 40196 | B18: 751.445 | C18: 807.026 | D18: 636.057 | E18: 669.598 | F18: 586.775 | G18: 659.717 | H18: 620.365 | I18: 676.406
... A4149: 45979 | B4149: 2005.728 | C4149: 3132.351 | D4149: 2041.603 | E4149: 2878.871 | F4149: 895.866 | G4149: 2078.151 | H4149: 1455.791 | I4149: 2755.782

Sheet DATA
A1: date | B1: LARGEGROWTH | C1: SMALLGROWTH | D1: LARGEVALUE | E1: SMALLVALUE
A2: =Sheet1!A7 -> 40179 | B2: =Sheet1!C7 -> 793.24 | C2: =Sheet1!E7 -> 638.974 | D2: =Sheet1!G7 -> 652.841 | E2: =Sheet1!I7 -> 645.19
A3: =Sheet1!A8 -> 40182 | B3: =Sheet1!C8 -> 803.396 | C3: =Sheet1!E8 -> 652.871 | D3: =Sheet1!G8 -> 663.302 | E3: =Sheet1!I8 -> 657.523
A4: =Sheet1!A9 -> 40183 | B4: =Sheet1!C9 -> 798.26 | C4: =Sheet1!E9 -> 657.652 | D4: =Sheet1!G9 -> 665.782 | E4: =Sheet1!I9 -> 661.307
A5: =Sheet1!A10 -> 40184 | B5: =Sheet1!C10 -> 799.23 | C5: =Sheet1!E10 -> 661.712 | D5: =Sheet1!G10 -> 666.169 | E5: =Sheet1!I10 -> 664.659
A6: =Sheet1!A11 -> 40185 | B6: =Sheet1!C11 -> 799.361 | C6: =Sheet1!E11 -> 665.898 | D6: =Sheet1!G11 -> 665.411 | E6: =Sheet1!I11 -> 667.845
A7: =Sheet1!A12 -> 40186 | B7: =Sheet1!C12 -> 803.497 | C7: =Sheet1!E12 -> 669.762 | D7: =Sheet1!G12 -> 667.551 | E7: =Sheet1!I12 -> 672.144
A8: =Sheet1!A13 -> 40189 | B8: =Sheet1!C13 -> 801.513 | C8: =Sheet1!E13 -> 669.884 | D8: =Sheet1!G13 -> 667.508 | E8: =Sheet1!I13 -> 673.322
A9: =Sheet1!A14 -> 40190 | B9: =Sheet1!C14 -> 794.713 | C9: =Sheet1!E14 -> 661.317 | D9: =Sheet1!G14 -> 661.442 | E9: =Sheet1!I14 -> 665.5
A10: =Sheet1!A15 -> 40191 | B10: =Sheet1!C15 -> 797.816 | C10: =Sheet1!E15 -> 663.529 | D10: =Sheet1!G15 -> 660.986 | E10: =Sheet1!I15 -> 668.866
A11: =Sheet1!A16 -> 40192 | B11: =Sheet1!C16 -> 805.705 | C11: =Sheet1!E16 -> 668.874 | D11: =Sheet1!G16 -> 664.149 | E11: =Sheet1!I16 -> 673.653
A12: =Sheet1!A17 -> 40193 | B12: =Sheet1!C17 -> 799.581 | C12: =Sheet1!E17 -> 667.786 | D12: =Sheet1!G17 -> 656.013 | E12: =Sheet1!I17 -> 673.763
A13: =Sheet1!A18 -> 40196 | B13: =Sheet1!C18 -> 807.026 | C13: =Sheet1!E18 -> 669.598 | D13: =Sheet1!G18 -> 659.717 | E13: =Sheet1!I18 -> 676.406
... A4144: =Sheet1!A4149 -> 45979 | B4144: =Sheet1!C4149 -> 3132.351 | C4144: =Sheet1!E4149 -> 2878.871 | D4144: =Sheet1!G4149 -> 2078.151 | E4144: =Sheet1!I4149 -> 2755.782
