Workbook

Sheet Sheet1
A1: =_xll.Thomson.Reuters.AFOSpreadSheetFormulas.DSGRID("MSEROP$, MSEROPE"," ","2010-01-01","","D","RowHeader=true;ColHeader=true;Heading=true;Code=true;Curn=true;SeriesMetaDataLink=true;DispSeriesDescription=false;YearlyTSFormat=false;QuarterlyTSFormat=false;AutoRefresh=false","") -> Start | B1: 40179
A2: End | B2: 45979
A3: Frequency | B3: D
A4: Name | B4: MSCI EUROPE U$ - PRICE INDEX | C4: MSCI EUROPE E - PRICE INDEX
A5: Code | B5: MSEROP$ | C5: MSEROPE
A6: CURRENCY | B6: U$ | C6: E
A7: 40179 | B7: 1442.124 | C7: 88.281
A8: 40182 | B8: 1472.391 | C8: 89.565
A9: 40183 | B9: 1469.779 | C9: 89.543
A10: 40184 | B10: 1468.274 | C10: 89.632
A11: 40185 | B11: 1462.093 | C11: 89.634
A12: 40186 | B12: 1467.878 | C12: 89.995
A13: 40189 | B13: 1488.978 | C13: 89.902
A14: 40190 | B14: 1474.43 | C14: 89.063
A15: 40191 | B15: 1474.042 | C15: 89.236
A16: 40192 | B16: 1481.423 | C16: 89.894
A17: 40193 | B17: 1456.687 | C17: 89.042
A18: 40196 | B18: 1468.455 | C18: 89.661
... A4149: 45979 | B4149: 2479.327 | C4149: 188.014

Sheet DATA
A1: Date | B1: MSEROP
A2: =Sheet1!A7 -> 40179 | B2: =Sheet1!C7 -> 88.281
A3: =Sheet1!A8 -> 40182 | B3: =Sheet1!C8 -> 89.565
A4: =Sheet1!A9 -> 40183 | B4: =Sheet1!C9 -> 89.543
A5: =Sheet1!A10 -> 40184 | B5: =Sheet1!C10 -> 89.632
A6: =Sheet1!A11 -> 40185 | B6: =Sheet1!C11 -> 89.634
A7: =Sheet1!A12 -> 40186 | B7: =Sheet1!C12 -> 89.995
A8: =Sheet1!A13 -> 40189 | B8: =Sheet1!C13 -> 89.902
A9: =Sheet1!A14 -> 40190 | B9: =Sheet1!C14 -> 89.063
A10: =Sheet1!A15 -> 40191 | B10: =Sheet1!C15 -> 89.236
A11: =Sheet1!A16 -> 40192 | B11: =Sheet1!C16 -> 89.894
A12: =Sheet1!A17 -> 40193 | B12: =Sheet1!C17 -> 89.042
A13: =Sheet1!A18 -> 40196 | B13: =Sheet1!C18 -> 89.661
... A4144: =Sheet1!A4149 -> 45979 | B4144: =Sheet1!C4149 -> 188.014
