Workbook

Sheet Sheet1
A1: =_xll.Thomson.Reuters.AFOSpreadSheetFormulas.DSGRID("MLDGVCL,MLTRSML,TOTMKWD","RI","2010-01-01","","d","RowHeader=true;ColHeader=true;Heading=true;Code=true;Curn=true;SeriesMetaDataLink=true;DispSeriesDescription=false;YearlyTSFormat=false;QuarterlyTSFormat=false","") -> Start | B1: 40179 | G1: =_xll.Thomson.Reuters.AFOSpreadSheetFormulas.DSGRID("BMUS10Y(RY),BMBD10Y(RY)"," ","2010-01-01","","D","RowHeader=true;ColHeader=true;Heading=true;Code=true;Curn=true;SeriesMetaDataLink=true;DispSeriesDescription=false;YearlyTSFormat=false;QuarterlyTSFormat=false","") -> Start | H1: 40179 | L1: =_xll.Thomson.Reuters.AFOSpreadSheetFormulas.DSGRID("MLIT4YL,MLGG4YL","RI","2010-01-01","","D","RowHeader=true;ColHeader=true;Heading=true;Code=true;Curn=true;SeriesMetaDataLink=true;DispSeriesDescription=false;YearlyTSFormat=false;QuarterlyTSFormat=false","") -> Start | M1: 40179
A2: End | B2: 45979 | G2: End | H2: 45979 | L2: End | M2: 45979
A3: Frequency | B3: D | G3: Frequency | H3: D | L3: Frequency | M3: D
A4: Name | B4: ICE BofA Euro Government Index - Total Rtn Idx Val | C4: ICE BofA US Treasury Index - Total Rtn Idx Val | D4: WORLD-DS Market - TOT RETURN IND | G4: Name | H4: US BENCHMARK 10 YEAR DS GOVT. INDEX - RED. YIELD | I4: BD BENCHMARK 10 YEAR DS GOVT. INDEX - RED. YIELD | L4: Name | M4: ICE BofA 1-5 Year Italy Government Index - Total Rtn Idx Val | N4: ICE BofA 1-5 Year Global Government Index - Total Rtn Idx Val
A5: Code | B5: MLDGVCL(RI) | C5: MLTRSML(RI) | D5: TOTMKWD(RI) | G5: Code | H5: BMUS10Y(RY) | I5: BMBD10Y(RY) | L5: Code | M5: MLIT4YL(RI) | N5: MLGG4YL(RI)
A6: CURRENCY | B6: E | C6: U$ | D6: U$ | G6: CURRENCY | H6: U$ | I6: E | L6: CURRENCY | M6: E | N6: #N/A
A7: 40179 | B7: 518.864 | C7: 1255.296 | D7: 3442.13 | G7: 40179 | H7: 3.835 | I7: 3.383 | L7: 40179 | M7: 271.915 | N7: 206.388
A8: 40182 | B8: 519.85 | C8: 1256.213 | D8: 3499.08 | G8: 40182 | H8: 3.821 | I8: 3.389 | L8: 40182 | M8: 272.139 | N8: 206.492
A9: 40183 | B9: 520.078 | C9: 1261.513 | D9: 3517.34 | G9: 40183 | H9: 3.761 | I9: 3.377 | L9: 40183 | M9: 272.309 | N9: 206.716
A10: 40184 | B10: 519.316 | C10: 1259.045 | D10: 3522.69 | G10: 40184 | H10: 3.826 | I10: 3.381 | L10: 40184 | M10: 272.228 | N10: 206.679
A11: 40185 | B11: 520.258 | C11: 1258.015 | D11: 3517.2 | G11: 40185 | H11: 3.829 | I11: 3.371 | L11: 40185 | M11: 272.59 | N11: 206.725
A12: 40186 | B12: 520.8 | C12: 1259.479 | D12: 3533.58 | G12: 40186 | H12: 3.832 | I12: 3.382 | L12: 40186 | M12: 272.803 | N12: 206.83
A13: 40189 | B13: 521.487 | C13: 1259.363 | D13: 3567.56 | G13: 40189 | H13: 3.821 | I13: 3.352 | L13: 40189 | M13: 272.981 | N13: 206.969
A14: 40190 | B14: 521.984 | C14: 1265.113 | D14: 3547.2 | G14: 40190 | H14: 3.715 | I14: 3.31 | L14: 40190 | M14: 273.101 | N14: 207.097
A15: 40191 | B15: 521.246 | C15: 1261.336 | D15: 3547.21 | G15: 40191 | H15: 3.794 | I15: 3.308 | L15: 40191 | M15: 273.176 | N15: 207.016
A16: 40192 | B16: 520.907 | C16: 1264.902 | D16: 3563.21 | G16: 40192 | H16: 3.741 | I16: 3.302 | L16: 40192 | M16: 273.189 | N16: 207.06
A17: 40193 | B17: 521.882 | C17: 1268.38 | D17: 3536.52 | G17: 40193 | H17: 3.681 | I17: 3.266 | L17: 40193 | M17: 273.336 | N17: 207.217
A18: 40196 | B18: 522.162 | C18: 1268.715 | D18: 3543.4 | G18: 40196 | H18: 3.681 | I18: 3.246 | L18: 40196 | M18: 273.388 | N18: 207.245
... A4149: 45979 | B4149: 718.985 | C4149: 1754.577 | D4149: 14591.47 | G4149: 45979 | H4149: 4.105 | I4149: 2.672 | L4149: 45979 | M4149: 384.672 | N4149: 253.078

Sheet DATA
A1: Date | B1: Bund | C1: Treasury | D1: T10 | E1: B10 | F1: TOTMKWD | G1: GOV_GLO_1_5 | H1: GOV_ITA_1_5
A2: =Sheet1!A7 -> 40179 | B2: =Sheet1!B7 -> 518.864 | C2: =Sheet1!C7 -> 1255.296 | D2: =Sheet1!H7 -> 3.835 | E2: =Sheet1!I7 -> 3.383 | F2: =Sheet1!D7 -> 3442.13 | G2: =Sheet1!N7 -> 206.388 | H2: =Sheet1!M7 -> 271.915
A3: =Sheet1!A8 -> 40182 | B3: =Sheet1!B8 -> 519.85 | C3: =Sheet1!C8 -> 1256.213 | D3: =Sheet1!H8 -> 3.821 | E3: =Sheet1!I8 -> 3.389 | F3: =Sheet1!D8 -> 3499.08 | G3: =Sheet1!N8 -> 206.492 | H3: =Sheet1!M8 -> 272.139
A4: =Sheet1!A9 -> 40183 | B4: =Sheet1!B9 -> 520.078 | C4: =Sheet1!C9 -> 1261.513 | D4: =Sheet1!H9 -> 3.761 | E4: =Sheet1!I9 -> 3.377 | F4: =Sheet1!D9 -> 3517.34 | G4: =Sheet1!N9 -> 206.716 | H4: =Sheet1!M9 -> 272.309
A5: =Sheet1!A10 -> 40184 | B5: =Sheet1!B10 -> 519.316 | C5: =Sheet1!C10 -> 1259.045 | D5: =Sheet1!H10 -> 3.826 | E5: =Sheet1!I10 -> 3.381 | F5: =Sheet1!D10 -> 3522.69 | G5: =Sheet1!N10 -> 206.679 | H5: =Sheet1!M10 -> 272.228
A6: =Sheet1!A11 -> 40185 | B6: =Sheet1!B11 -> 520.258 | C6: =Sheet1!C11 -> 1258.015 | D6: =Sheet1!H11 -> 3.829 | E6: =Sheet1!I11 -> 3.371 | F6: =Sheet1!D11 -> 3517.2 | G6: =Sheet1!N11 -> 206.725 | H6: =Sheet1!M11 -> 272.59
A7: =Sheet1!A12 -> 40186 | B7: =Sheet1!B12 -> 520.8 | C7: =Sheet1!C12 -> 1259.479 | D7: =Sheet1!H12 -> 3.832 | E7: =Sheet1!I12 -> 3.382 | F7: =Sheet1!D12 -> 3533.58 | G7: =Sheet1!N12 -> 206.83 | H7: =Sheet1!M12 -> 272.803
A8: =Sheet1!A13 -> 40189 | B8: =Sheet1!B13 -> 521.487 | C8: =Sheet1!C13 -> 1259.363 | D8: =Sheet1!H13 -> 3.821 | E8: =Sheet1!I13 -> 3.352 | F8: =Sheet1!D13 -> 3567.56 | G8: =Sheet1!N13 -> 206.969 | H8: =Sheet1!M13 -> 272.981
A9: =Sheet1!A14 -> 40190 | B9: =Sheet1!B14 -> 521.984 | C9: =Sheet1!C14 -> 1265.113 | D9: =Sheet1!H14 -> 3.715 | E9: =Sheet1!I14 -> 3.31 | F9: =Sheet1!D14 -> 3547.2 | G9: =Sheet1!N14 -> 207.097 | H9: =Sheet1!M14 -> 273.101
A10: =Sheet1!A15 -> 40191 | B10: =Sheet1!B15 -> 521.246 | C10: =Sheet1!C15 -> 1261.336 | D10: =Sheet1!H15 -> 3.794 | E10: =Sheet1!I15 -> 3.308 | F10: =Sheet1!D15 -> 3547.21 | G10: =Sheet1!N15 -> 207.016 | H10: =Sheet1!M15 -> 273.176
A11: =Sheet1!A16 -> 40192 | B11: =Sheet1!B16 -> 520.907 | C11: =Sheet1!C16 -> 1264.902 | D11: =Sheet1!H16 -> 3.741 | E11: =Sheet1!I16 -> 3.302 | F11: =Sheet1!D16 -> 3563.21 | G11: =Sheet1!N16 -> 207.06 | H11: =Sheet1!M16 -> 273.189
A12: =Sheet1!A17 -> 40193 | B12: =Sheet1!B17 -> 521.882 | C12: =Sheet1!C17 -> 1268.38 | D12: =Sheet1!H17 -> 3.681 | E12: =Sheet1!I17 -> 3.266 | F12: =Sheet1!D17 -> 3536.52 | G12: =Sheet1!N17 -> 207.217 | H12: =Sheet1!M17 -> 273.336
A13: =Sheet1!A18 -> 40196 | B13: =Sheet1!B18 -> 522.162 | C13: =Sheet1!C18 -> 1268.715 | D13: =Sheet1!H18 -> 3.681 | E13: =Sheet1!I18 -> 3.246 | F13: =Sheet1!D18 -> 3543.4 | G13: =Sheet1!N18 -> 207.245 | H13: =Sheet1!M18 -> 273.388
... A4144: =Sheet1!A4149 -> 45979 | B4144: =Sheet1!B4149 -> 718.985 | C4144: =Sheet1!C4149 -> 1754.577 | D4144: =Sheet1!H4149 -> 4.105 | E4144: =Sheet1!I4149 -> 2.672 | F4144: =Sheet1!D4149 -> 14591.47 | G4144: =Sheet1!N4149 -> 253.078 | H4144: =Sheet1!M4149 -> 384.672
